port_name,max_draft_m,region,type
Paradip,12.5,East Coast India,Major Bulk Port
Visakhapatnam,13.0,East Coast India,Major Port (Steel Terminal)
Chennai,10.5,East Coast India,Major Port
Mumbai,11.0,West Coast India,Major Commercial Port
Gangavaram,18.5,East Coast India,Deep Water Cape Port
Dhamra,18.0,East Coast India,Deep Draft Bulk Port
Gopalpur,12.5,East Coast India,All-Weather Commercial Port
Haldia,8.2,East Coast India,Riverine Shallow Port
Kolkata,7.5,East Coast India,Riverine Port
Tuticorin,12.8,South India,Major Port
Ennore,15.0,East Coast India,Major Coal Port
